Headline,Description,Sentiment,Date,Link
NYPD brass blasts migrant cop attackers as cowards suspect flips middle finger on way out of court,NYPD Chief of Patrol John Chell decried the Saturday night brawl targeting two officers as,-0.7466421127319336,2024-01-31,https://www.nydailynews.com/2024/01/31/nypd-brass-blasts-manhattan-migrant-cop-attackers-as-cowards/
Cops make arrest in fatal Brooklyn street stabbing,A 39-year-old man was arrested for fatally knifing a man in the neck during a,-0.6047989726066589,2024-01-26,https://www.nydailynews.com/2024/01/26/cops-make-arrest-in-fatal-brooklyn-street-stabbing/
Police nab shooter who killed man wounded three others in Queens,Eric Foster 39 was arrested Wednesday for the Dec 22 shooting in South Jamaica police,-0.1760916523881768,2024-01-24,https://www.nydailynews.com/2024/01/24/police-nab-shooter-who-killed-man-wounded-three-others-in-queens/
Victim in 1996 shooting helps get shooters sentence commuted,Carolyn Jones and David Herion now have the most unique of bonds showing the power of forgiveness,0.7188589572906494,2024-01-28,https://www.cbsnews.com/newyork/news/victim-in-1996-stray-bullet-shooting-in-brooklyn-successfully-pushed-to-have-shooters-45-year-sentence-commuted/
Five migrants charged in stabbing at Randalls Island shelter guard cleared,Another 12 residents were issued summonses but the attacker who actually stabbed the 24-year-old victim,-0.24703751698289977,2024-01-19,https://www.nydailynews.com/2024/01/19/five-migrants-charged-in-stabbing-at-randalls-island-shelter-guard-cleared/
Man stabbed on Bronx street by stranger in unprovoked attack,The victim was standing outside the Met Foodmarket when a man sporting glasses a black,-0.2492802429076164,2024-01-31,https://www.nydailynews.com/2024/01/31/man-stabbed-on-bronx-street-by-stranger-in-unprovoked-attack/
Bronx driver doing doughnuts kills two passengers in crash including girl 15,A driver doing dangerous donuts at a gathering of car stunt enthusiasts in the Bronx,-0.787440299987793,2024-01-21,https://www.nydailynews.com/2024/01/21/bronx-chrysler-driver-crashes-into-parked-truck-killing-2-passengers/
2 hurt in crash near Columbia University driver taken into custody,Police say the driver of a BMW struck a mini truck then both vehicles jumped the curb,-0.24999862863614553,2024-01-31,https://www.cbsnews.com/newyork/news/3-injured-in-crash-near-columbia-university/
Suspect arrested for fatal March shooting outside Brooklyn bodega,Derrick Prescod was arrested Monday for the March 20 shooting outside the Francena Mini Market,-0.24316929181949476,2024-01-23,https://www.nydailynews.com/2024/01/23/suspect-arrested-for-fatal-march-shooting-outside-brooklyn-bodega/
LI mom sentenced to 20 to life for smothering twins to death,Tenia Campbell now 28 admitted to killing her twin 2-year-old daughters in June 2019,-0.8344642519950867,2024-01-29,https://www.nydailynews.com/2024/01/29/long-island-tenia-campbell-sentenced-murder-twins/
61-year-old woman dies in Queens hit-and-run,Police said the driver of an SUV on 37th Avenue sped away after striking the woman walking on 90th Street in Jackson Heights,-0.6159512996673584,2024-02-01,https://www.cbsnews.com/newyork/news/woman-dies-elmhurst-queens-hit-and-run/
Man accused in teens shooting death turns down plea deal,Aamir Griffin was hit and killed by a stray bullet on a Queens basketball court back in 2019,-0.6236044764518738,2024-01-24,https://www.cbsnews.com/newyork/news/aamir-griffin-death-suspect-turns-down-plea-deal/
NYPD defends pulling over Councilman Yusef Salaam in Harlem,Concerns about racial profiling in Harlem after a city councilman was pulled over by police in his district News 4s Melissa Colorado reports\n,-0.20201462105592327,2024-01-28,https://www.nbcnewyork.com/news/local/nypd-defends-pulling-over-councilman-yusef-salaam-in-harlem/5082023/
Witnesses reluctant to testify in Jam Master Jay murder trial prosecutors say,Federal prosecutors filed a late night notice to the court Monday warning that some of its witnesses are now reluctant to testify and may lie under oath or plead the fifth out of fear of retaliation,-0.5671613216400146,2024-01-30,https://www.cbsnews.com/newyork/news/witnesses-reluctant-to-testify-in-jam-master-jay-murder-trial-prosecutors-say/
NYC church backs out on migrant shelter following legal threat from electeds,Faced with the promise of legal action by local politicians and s Episcopal Church on Staten Island said it will stand,-0.24913025587738957,2024-01-27,https://www.nbcnewyork.com/investigations/migrant-crisis/nyc-church-backs-out-on-migrant-shelter-following-legal-threat-from-electeds/5080426/
Brooklyn jail construction worker’s 2023 death led to safety probe,Yong Chin Son fell 18 feet through a hole covered by loose planks on the,-0.6255980134010315,2024-01-22,https://www.nydailynews.com/2024/01/22/brooklyn-jail-construction-workers-2023-death-led-to-safety-probe/
Woman 61 killed by hit-and-run SUV driver in Queens crosswalk,The victim was crossing 90th St in Jackson Heights when she was struck by the,-0.5435956120491028,2024-02-01,https://www.nydailynews.com/2024/02/01/woman-61-killed-by-hit-and-run-suv-driver-in-queens-crosswalk/
Florida man 21 charged in prescription hacking scheme to fill phony oxycodone orders in NY,The 20-year-old suspect is accused of hacking physician accounts to write fraudulent prescriptions to amass and sell pills \n,-0.6814126372337341,2024-01-26,https://www.nbcnewyork.com/news/local/florida-man-20-charged-in-prescription-hacking-scheme-to-fill-phony-oxycodone-orders-in-ny/5077566/
Suspect accused of slashing NYPD cops with machete charged,Jean Blain 40 is charged with attempted murder assault menacing and weapon possession,-0.7922803163528442,2024-01-23,https://www.nydailynews.com/2024/01/23/suspect-accused-of-slashing-nypd-cops-with-machete-charged/
New Yorks new plan to fight against retail theft,Theres Pei-Sze Cheng reports\xa0\n,0.1398354259709862,2024-01-27,https://www.nbcnewyork.com/news/local/new-yorks-new-plan-to-fight-against-retail-theft/5080294/
Long Island mom sentenced to 20 years for murdering twin daughters off Montauk Highway,A Long Island mother was sentenced to two decades in prison for the June 2019 deaths of her 2-year-old twin daughters who were found suffocated in their car seats near a county park\n,-0.788622260093689,2024-01-29,https://www.nbcnewyork.com/news/local/crime-and-courts/long-island-mom-sentenced-to-20-years-for-murdering-twin-daughters-off-montauk-highway/5085399/
Vigil held for 15-year-old girl killed in Bronx crash,The sophomore from Ramapo High School died in a crash that left her friend fighting for her life in the hospital,-0.7516778111457825,2024-01-24,https://www.cbsnews.com/newyork/news/sabrina-villagomez-vigil-ramapo-high-school/
Man set on fire by Brooklyn neighbor over debt had already repaid sister (EXCLUSIVE),Steven Wilks was so frightened after he was set on fire he hid in his,-0.6489046216011047,2024-02-01,https://www.nydailynews.com/2024/02/01/man-set-on-fire-by-brooklyn-neighbor-over-debt-had-already-repaid-sister-exclusive/
Orthodox Brooklyn parents whose son is charged in their slays tried to get him mental health help,Meyer Sperber 48 is charged with murder and weapons possession in the Saturday evening double,-0.7271404266357422,2024-01-22,https://www.nydailynews.com/2024/01/22/brooklyn-man-charged-with-murder-in-stabbing-of-his-elderly-parents/
68-year-old man struck killed while crossing street in Brooklyn,Police say a 68-year-old man was in the crosswalk on Glenwood Road when he was struck by the driver of a van,-0.5813479423522949,2024-01-31,https://www.cbsnews.com/newyork/news/canarsie-brooklyn-pedestrian-killed/
Driver nabbed for running down NYC woman in suspected love triangle dispute,Naomi Broomes 33 was arrested Wednesday in the Jan 11 death of 24-year-old Shakira Serrano,-0.24424149424066854,2024-01-24,https://www.nydailynews.com/2024/01/24/driver-nabbed-for-mowing-down-nyc-woman-in-suspected-love-triangle-dispute/
She hoped to sing for a rap icon Instead she was there as Run-DMCs Jam Master Jay died,A woman was brought to tears as she testified in the trial of two men charged in the 2002 killing of Run-DMCs Jam Master Jay One of several people in various parts of the studio on the night of one of the hip hop world’s most infamous slayings she recalled seeing the slain DJ on the studio floor\n,-0.5381217002868652,2024-02-01,https://www.nbcnewyork.com/news/local/crime-and-courts/she-hoped-to-sing-for-a-rap-icon-instead-she-was-there-as-run-dmcs-jam-master-jay-died/5097872/
Over a dozen people injured in multi-vehicle crash in Brooklyn,It happened around 230 pm Tuesday on Bushwick Avenue between Noll Street and Arion Place,-0.6541452407836914,2024-01-30,https://www.cbsnews.com/newyork/news/brooklyn-multi-vehicle-crash-injuries/
NYC Councilman Yusef Salaam pulled over by NYPD,Adams joins nearly a dozen city council members for a NYPD ride-along Saturday one day after a traffic stop involving Yusef Salaam News 4s Melissa Colorado reports\xa0\n,-0.21738896200723445,2024-01-27,https://www.nbcnewyork.com/news/local/nyc-councilman-yusef-salaam-pulled-over-by-nypd/5080951/
86-year-old woman killed 3 others hurt in Queens fire,The flames broke out just before 11 pm inside a two-story home on 66th Avenue in Rego Park,-0.6337212324142456,2024-01-31,https://www.cbsnews.com/newyork/news/86-year-old-woman-killed-3-others-hurt-in-rego-park-queens-fire/
Man wanted in robbery of ‘Bling Bishop’ Lamor Whitehead killed by US Marshals report,Shamar Leggette 41 was wanted for robbing the flamboyant figure his wife and their child,-0.600763738155365,2024-01-24,https://www.nydailynews.com/2024/01/24/bling-bishop-lamor-whitehead-suspected-robber-shamar-leggette-shot-marshals/
NYC suspect arrested for rape of 10-year-old girl he met on app,Drequan Drayton-Howard who has no criminal history was nabbed early Wednesday for the Jan 6,-0.19149106696522367,2024-01-24,https://www.nydailynews.com/2024/01/24/nyc-suspect-arrested-for-rape-of-10-year-old-girl-he-met-on-app/
Breaking down City Council overriding Adams veto of ‘How Many Stops Act,The highly-divisive s Andrew Siff reports\n,-0.19686041507156915,2024-01-30,https://www.nbcnewyork.com/news/breaking-down-city-council-overriding-adams-veto-of-how-many-stops-act/5090279/
NYPD officers attacked in Times Square 5 arrested 7 at large,The DA says they face up to seven years in prison The second-degree assault charge is a felony,-0.8062750101089478,2024-01-31,https://www.cbsnews.com/newyork/news/nypd-officers-attacked-times-square-arrests/
Staten Island woman 82 slain at home son charged with murder,Staten Island resident Rosalie Sutera 82 died in a homicide and a man identified as,-0.7877776622772217,2024-01-27,https://www.nydailynews.com/2024/01/26/staten-island-woman-82-slain-son-murder-charge/
MTA tests pilot program involving subway stations emergency gates to stop fare evasion,Three subway stations — the 59th Street station on the 4/5/6 lines in midtown Manhattan the 138th Street-Third Avenue station on the 6 line in the Bronx and the Flushing Avenue station on the J/M/Z lines — will have emergency gates that have 15-second delays\n,-0.08218319218620707,2024-01-30,https://www.nbcnewyork.com/news/local/mta-tests-pilot-program-involving-subway-stations-emergency-gates-to-stop-fare-evasion/5089488/
Milford Police seek 3 caught on camera stealing ATM from gas station,Police say it all took less than two minutes,-0.21482159593483274,2024-01-31,https://www.cbsnews.com/newyork/news/milford-police-seek-3-caught-on-camera-stealing-atm-from-gas-station/
Man inflicted 56 stab wounds to kill his own mother Brooklyn prosecutors,Andre Eugene killed his mother Donna Hyman in a violent rage — inflicting about 56,-0.8061220645904541,2024-01-29,https://www.nydailynews.com/2024/01/25/andre-eugene-allegedly-killed-mother-remanded-brooklyn-court/
Live IEDs body armor hit list seized from Astoria brothers apartment,Two brothers have been indicted on 130 counts of criminal possession of a weapon and related charges\xa0after an arsenal of improvised explosive devices and ghost guns including assault rifles was found inside an Astoria apartment they shared with their mother and another brother the Queens district attorneys office said Monday\xa0\n,-0.5765247344970703,2024-01-29,https://www.nbcnewyork.com/news/local/queens-arsenal-brothers-hatziagelis-gun-weapons-astoria/5085245/
Woman dog found dead in Brooklyn were stabbed multiple times by son NYPD,Suspect Andrew Eugene has no criminal history and has been employed as a paraprofessional at,-0.2469138686972201,2024-01-25,https://www.nydailynews.com/2024/01/24/woman-dog-found-dead-in-brooklyn-were-stabbed-multiple-times-by-son-nypd/
Rap lyrics cant be used against artist charged with killing Run-DMCs Jam Master Jay Judge,The man accused of killing Run-DMC’s Jam Master Jay can’t have his rap lyrics used against him at trial a Brooklyn judge decided Tuesday in a ruling that doubled as a history-filled paean to hip-hop as “a platform for expression to many who had largely been voiceless”\n,-0.5359374284744263,2024-01-31,https://www.nbcnewyork.com/news/local/crime-and-courts/rap-lyrics-cant-be-used-against-artist-charged-with-killing-run-dmcs-jam-master-jay-judge/5092708/
Calls grow to deport migrants who attacked NYPD officers in Times Square,The NYPD says of the dozen migrants involved in attack on Saturday six are still wanted,-0.23304340462606987,2024-02-02,https://www.cbsnews.com/newyork/news/nypd-officers-attacked-times-square-migrant-shelter-arrests/
Accused Taylor Swift stalker David Crowe ordered to jail after third incident in five days,Crowe 33 is charged with criminal contempt for violating a court order that he stay,-0.770063042640686,2024-01-25,https://www.nydailynews.com/2024/01/25/alleged-taylor-swift-stalker-david-crowe-jailed-after-stalking-arrests/
Ex-con arrested for assault day before decomposed body found in Bronx home,Deshawn Owens 30 is facing assault strangulation unlawful imprisonment and other charges for allegedly kidnapping,-0.7283326983451843,2024-01-23,https://www.nydailynews.com/2024/01/23/bronx-ex-con-charged-with-stuffing-decomposing-body-in-trash/
Councilmember Salaam says NYPD pulled him over without explanation,Salaam said he was diving with his wife and family when he was pulled over,-0.5301371216773987,2024-01-27,https://www.cbsnews.com/newyork/news/city-councilmember-yusef-salaam-says-he-wont-participate-in-nypd-ride-along-after-being-stopped-friday-night/
Man 25 found dead on Brooklyn street had one gunshot to his head,The victim was found shortly after 240 am Thursday on Hall St near Myrtle Ave,-0.2241034797980319,2024-01-25,https://www.nydailynews.com/2024/01/25/man-25-found-dead-on-brooklyn-street-had-one-gunshot-to-his-head/
Man jumps on car hood to stop Rolex thief in Facebook Marketplace sale gone wrong,A Long Island man tried to sell his Rolex through Facebook Marketplace but the buyer wasnt looking to pay the price or any money at all\n,-0.6531563997268677,2024-01-28,https://www.nbcnewyork.com/news/local/man-jumps-on-car-hood-to-stop-rolex-thief-in-facebook-marketplace-sale-gone-wrong/5080910/
New York expands legal definition of rape What it means for victims of sexual assault,New York will expand its legal definition of rape to include various forms of nonconsensual sexual contact under a bill signed into law by Gov Kathy Hochul on Tuesday\n,-0.08714819207122204,2024-01-30,https://www.nbcnewyork.com/news/politics/new-york-expands-legal-definition-of-rape-what-it-means-for-victims-of-sexual-assault/5089489/
One man killed three wounded in Bronx shooting,The victims were shot in a building on White Plains Road near E 231st St,-0.2493081838988438,2024-01-21,https://www.nydailynews.com/2024/01/21/three-men-wounded-one-critically-in-bronx-shooting-2/
NYC man dead at Rikers Island had been moved to new jail cell over safety fear says family,Manuel Luna 30 was moved to cell No 4 in unit 5A in the George,-0.19217435486759982,2024-01-26,https://www.nydailynews.com/2024/01/26/nyc-man-dead-at-rikers-island-had-been-moved-to-new-jail-cell-over-safety-fear-says-family/
Marias Story Healing from trauma decades after Operation Pedro Pan,Eight Fernadez brothers and sisters were part of the clandestine exodus from communist Cuba in 1960 that became known as Operation Pedro Pan One of the sisters Maria was originally placed in a reformatory on Staten Island with two of her brothers Decades later she said she was later abused in a foster home an agonizing admission the siblings always suspected\n,-0.23398728013120262,2024-01-29,https://www.nbcnewyork.com/investigations/marias-story-healing-from-trauma-decades-after-operation-pedro-pan/5086490/
East Village deli robbed at gunpoint,Surveillance video shows one person pulled a gun on a deli worker while others stole from the cash register,-0.6656147837638855,2024-02-01,https://www.cbsnews.com/newyork/news/east-village-deli-robbed-at-gunpoint/
Food delivery worker injured after driving into car door in Brooklyn,Surveillance video shows a driver park his car and open his door A moment later a man on a scooter drives into it,-0.6211825609207153,2024-01-31,https://www.cbsnews.com/newyork/news/brooklyn-food-delivery-worker-crashes-into-car-door/
‘I kept screaming Fake utility workers wanted for terrifying Long Island home invasion,Three men dressed as utility workers and armed with guns forced their way inside a Long Island house in a violent robbery police said and are still on the run\n,-0.8814107179641724,2024-01-30,https://www.nbcnewyork.com/news/local/fake-utility-workers-wanted-for-violent-long-island-home-invasion/5090133/
NBA’s Kevin Porter Jr dodges jail with plea deal in assault on girlfriend in Manhattan hotel,Kevin Porter Jr pleaded guilty of reckless assault and harassment of his girlfriend WNBA player,-0.22267561057327256,2024-01-23,https://www.nydailynews.com/2024/01/23/nbas-kevin-porter-jr-dodges-jail-plea-deal-assault-girlfriend-manhattan-hotel/
Michelle Troconis trial underway for day 14,Michelle Troconis’ trial is underway for a 14th day on Wednesday Troconis 49 has been charged in connection with the disappearance and presumed death of Jennifer Dulos the wife of the man whom Troconis was dating in 2019 at the time Jennifer disappeared Jennifer Dulos was last seen on May 24 2019 after dropping her children off at school in\n,-0.12279797510240087,2024-01-31,https://www.nbcnewyork.com/news/national-international/michelle-troconis-trial-to-resume-for-day-14/5091557/
Two dead in Park Slope Brooklyn murder-suicide NYPD says,A man and a woman were found shot to death early Thursday in an apparent,-0.6559851169586182,2024-01-25,https://www.nydailynews.com/2024/01/25/two-dead-in-brooklyn-murder-suicide-gun-found-near-mans-body-in-park-slope/
Two students stabbed as video shows chaos erupt in stairwell at Queens high school,One person was arrested and the two students are recovering at the hospital after the hallway brawl at the Queens Village high school NBC New Yorks Pei-Sze Cheng reports\n,-0.5595560669898987,2024-02-01,https://www.nbcnewyork.com/news/two-students-stabbed-as-video-shows-chaos-erupt-in-stairwell-at-queens-high-school/5098043/
Forensics expert testifies during day 15 of Michelle Troconis trial,The first witness to take the stand in the trial of Michelle Troconis Thursday was a parenting supervisor who was ordered by a court to supervise a visit between Fotis Dulos and his children on May 22 2019 That date was just days before Jennifer Dulos disappeared Sidnee Streater told jurors about the interactions between Fotis Dulos and his children\n,0.05072433785949215,2024-02-01,https://www.nbcnewyork.com/news/national-international/forensics-experts-expected-to-testify-during-day-15-of-michelle-troconis-trial/5095533/
Aspiring R&B singer who was there night of Jam Master Jays killing offers new testimony,Two key witness take took the stand on the fourth day of Jam Master Jay’s murder trial Myles Miller reporting\xa0\n,0.07938827294218243,2024-02-01,https://www.nbcnewyork.com/news/aspiring-rb-singer-who-was-there-night-of-jam-master-jays-killing-offers-new-testimony/5098084/
Man killed in Brooklyn gunfire one block from fatal shooting a day earlier,The man was shot near the corner of Utica Ave and Union St in Crown,-0.24842739352203225,2024-01-31,https://www.nydailynews.com/2024/01/31/man-critically-injured-in-brooklyn-gunfire-one-block-from-fatal-shooting-a-day-earlier/
Accused repeat Taylor Swift stalker charged with harassment,Criminal charges were brought against David Crowe after he was allegedly found near Swifts swanky,-0.6707785725593567,2024-01-23,https://www.nydailynews.com/2024/01/23/accused-repeat-taylor-swift-stalker-charged-with-harassment/
Suspects in 1987 Manhattan slay of French tourist Jean Casse hope to clear their names,Eric Smokes and David Warren want a Manhattan judge to lift their convictions in the,-0.10346754984215067,2024-01-31,https://www.nydailynews.com/2024/01/31/suspects-in-1987-manhattan-slay-of-french-tourist-jean-casse-hope-to-clear-their-names/
‘Greed and revenge drove 2 men accused of killing Run-DMCs Jam Master Jay Prosecutors,Two men accused of killing Run-DMCs Jam Master Jay were both close to the trailblazing DJ but were driven by “greed and revenge” over a failed drug deal when they ambushed him at his recording studio more than 20 years ago prosecutors argued during the first day of the trial\n,-0.6603559255599976,2024-01-29,https://www.nbcnewyork.com/news/local/crime-and-courts/greed-and-revenge-drove-2-men-accused-of-killing-run-dmcs-jam-master-jay-prosecutors/5085887/
New York state getting proactive in battle against retail theft,There are now pending bills in Albany to create a statewide office to combat organized shoplifting and to increase penalties for repeat offenders,0.15232624035080278,2024-01-24,https://www.cbsnews.com/newyork/news/in-effort-to-alleviate-fears-of-business-owners-and-customers-new-york-state-working-to-combat-retail-theft/
Shooter found guilty in stray bullet death of college-bound NYC teen basketball star,A Bronx man was found guilty in the shooting death of a 17-year-old high school basketball star and academic standout who was killed after he was shot with a stray bullet at a barbecue Nahjim Luke was convicted on first-degree manslaughter and second-degree weapon possession the Bronx district attorneys office said Monday The 26-year-old was found guilty of firing,-0.6409689784049988,2024-01-30,https://www.nbcnewyork.com/news/local/crime-and-courts/shooter-found-guilty-in-stray-bullet-death-of-college-bound-nyc-teen-basketball-star/5088996/
Brooklyn woman charged with concealing corpse inside refrigerator,Police say 45-year-old Heather Stines was charged with concealing a human corpse,-0.6110878586769104,2024-01-26,https://www.cbsnews.com/newyork/news/brooklyn-woman-charged-after-dismembered-body-found-inside-refrigerator/
Opening statements underway in Jam Master Jay murder trial,Prosecutors say Ronald Washington and Karl Jordan Jr murdered the Run-DMC star inside his recording studio in Hollis Queens,-0.23368618602512115,2024-01-29,https://www.cbsnews.com/newyork/news/jam-master-jay-murder-trial-opening-statements-expected-for-2-men-charged-in-2002-killing/
Trio indicted in stabbing death at Randalls Island migrant shelter after alleged fight,Three men were indicted in the stabbing death a 24-year-old man at one of New York Citys migrant shelters according to the Manhattan district attorney\n,-0.6200549602508545,2024-01-30,https://www.nbcnewyork.com/news/local/trio-indicted-in-stabbing-death-at-randalls-island-migrant-shelter-after-alleged-fight/5090287/
NYC Council could override ‘How Many Stops Act veto,On Tuesday the New York City Council could override Mayor Eric Adams Act It requires the NYPD to log all public interactions which advocates say supports transparency but critics say it creates too much paperwork And now police bodycam video of a well-known city councilman being pulled over this weekend is,-0.1769834808043491,2024-01-29,https://www.nbcnewyork.com/news/nyc-council-could-override-how-many-stops-act-veto/5086597/
Decomposing body found in trash in Bronx apartment,The discovery was made after someone called 911 to report a foul odor coming from,-0.22018198110799858,2024-01-22,https://www.nydailynews.com/2024/01/22/decomposing-body-found-in-trash-in-bronx-apartment/
NYC church worker slashed in throat confronting stranger urinating on car,The 66-year-old victim complained when he saw the stranger urinating on a car parked on,-0.7621185183525085,2024-01-22,https://www.nydailynews.com/2024/01/22/nyc-man-urinating-on-car-slashes-throat-of-passerby-who-told-him-to-stop/
Trump is on the hook for $883 million in defamation damages What happens next?,Jurors found that the former president maliciously damaged Carrolls reputation after the advice columnist accused him of sexually assaulting her in a Manhattan department store\n,-0.8597076535224915,2024-01-27,https://www.nbcnewyork.com/news/local/trump-is-on-the-hook-for-88-3-million-in-defamation-damages-what-happens-next/5080336/
Police searching for pickpocketing duo targeting riders on Bronx buses,\xa0Pick pocketers are hitting new lows these days even stealing cellphones from unsuspecting teens on the bus Marc Santia reporting\xa0\n,-0.778184175491333,2024-01-30,https://www.nbcnewyork.com/news/police-searching-for-pickpocketing-duo-targeting-riders-on-bronx-buses/5090316/
NYC Council overrides mayors veto of solitary confinement ban,The bill requires individuals in custody spend at least 14 hours outside their cell in shared spaces,-0.08215716232356485,2024-01-30,https://www.cbsnews.com/newyork/news/new-york-city-solitary-confinement-ban-veto-override/
NY AG sues Citibank for allegedly failing to protect fraud victims,James claims customers lost millions of dollars as a result of the companys weak security and anti-fraud measures,-0.8778300285339355,2024-01-30,https://www.cbsnews.com/newyork/news/citibank-lawsuit-fraud-reimbursement/
Astoria brothers busted for guns explosives and celebrity ‘hit list’,Angelo Hatziagelis 51 and his brother Andrew 39 were arrested after a raid on their,-0.5562746524810791,2024-01-30,https://www.nydailynews.com/2024/01/30/astoria-queens-hatziagelis-brothers-guns-explosives-hit-list/
NYPD pulled over ‘Central Park 5’ Councilman Yusef Salaam as vote looms on bill requiring cops to record stops,The Friday night incident happened as City Council leaders are pushing for the passage of,-0.16343681847183333,2024-01-28,https://www.nydailynews.com/2024/01/27/central-park-5-nyc-councilman-yusef-salaam-pulled-over-by-cops-not-given-reason-amid-how-many-stops-act-controversy/
Caught on video NYPD officers rescue man from subway tracks,One officer used his flashlight to flag down the incoming train while the other helped the victim back onto the platform,0.11129063642846049,2024-02-01,https://www.cbsnews.com/newyork/news/caught-on-video-nypd-officers-rescue-man-from-subway-tracks/
Groundhog Day 2024 marks 10 years since Bill de Blasio dropped Staten Island Chuck,Friday isnt just any old Groundhog Day It will be 10 years since former NYC Mayor Bill de Blasio dropped the animal during the ceremony It died a week later,-0.24993694797097987,2024-02-01,https://www.cbsnews.com/newyork/news/staten-island-chuck-getting-ready-for-his-big-moment-friday/
Boy 15 slashed by 5 attackers on Brooklyn street,The crew pounced on the victim on Sixth Ave near 47th St in Sunset Park,-0.2426551361954239,2024-01-29,https://www.nydailynews.com/2024/01/29/boy-14-slashed-by-5-attackers-on-brooklyn-street/
2 brothers in Queens found with homemade explosives ghost guns Queens DA says,The Queens DA said the two also had documents and notebooks with a hit list of police officers judges politicians celebrities bankers and others,-0.24205553775310307,2024-01-29,https://www.cbsnews.com/newyork/news/2-brothers-in-queens-found-with-homemade-explosives-ghost-guns-queens-da-says/
LI school districts sued for banning students given fake vaccines,A Long Island midwife was fined for giving 1500 children homeopathic pellets instead of required vaccines,-0.7808139324188232,2024-01-31,https://www.cbsnews.com/newyork/news/long-island-school-districts-sued-homeopathic-pellets-vaccines/
Friends convicted in 1987 Times Square tourist murder finally clear their names,They were best friends growing up together then went to prison together for a murder they claimed they didns Day that year when,-0.2372579191223707,2024-01-31,https://www.nbcnewyork.com/investigations/times-square-murder-tourist-convictions-vacated/5092623/
From weed arrest to dispensary owner Meet the owner of Dazed,Dazed Cannabis is the fifth legal dispensary to open in the five boroughs and was opened by a Harlem native who was arrested in a 2008 sting operation for trying to by weed\n,0.08478926130351283,2024-02-01,https://www.nbcnewyork.com/news/local/from-weed-arrest-to-dispensary-owner-meet-the-owner-of-dazed/5097512/
Long Island man robbed of Rolex watch in violent attack,A man hit by a car had his watch stolen on Long island in a violent robbery caught on camera News 4s Jessica Cunnington reports\xa0\n,-0.5301645994186401,2024-01-28,https://www.nbcnewyork.com/news/local/long-island-man-robbed-of-rolex-watch-in-violent-attack/5082021/
State of the NYPD Overall decrease in murder rape and robbery,Other NYPD leaders touted the departments efforts to incorporate technology into their work,-0.22391103790831934,2024-01-31,https://www.cbsnews.com/newyork/news/state-of-the-nypd-commissioner-highlights-overall-decrease-in-murder-rape-and-robbery-statistics/
How Many Stops Act NYC Council overrides Mayor Adams veto,The law requires officers to document every interaction including low-level stops that police classify as non-criminal encounters,-0.135641580599426,2024-01-30,https://www.cbsnews.com/newyork/news/new-york-city-council-expected-to-override-mayor-eric-adams-veto-of-how-many-stops-act/
Migrant students in Queens say theyre being bullied attacked,Two girls say in separate incidents they were physically attacked and told to get out of this country,-0.9075623750686646,2024-01-26,https://www.cbsnews.com/newyork/news/migrant-students-bullied-attacked-queens/
City Council overrides Adams NYPD cops will have to record race of people they question,Should police have to report any time they stop a person on the street? In New York the question has divided local government as the City Council voted to pass a bill over the objections of Mayor Eric Adams that would require officers to document basic information The issue was thrust into the national spotlight in recent days whenNYPD,-0.18061132418403858,2024-01-30,https://www.nbcnewyork.com/news/politics/how-many-stops-act-nyc-eric-adams-veto-override/5087689/
Rep Mike Lawler pushing for renewal of Undetectable Firearms Act,He says 37 ounces should remain the amount of metal required in all firearms so they cannot be sneaked past metal detectors,0.09020122872783176,2024-01-24,https://www.cbsnews.com/newyork/news/rep-mike-lawler-pushing-for-renewal-of-undetectable-firearms-act/
Driver arrested in deadly reckless driving crash in the Bronx,Two passengers in the vehicle 15-year-old Sabrina Villagomez and 21-year-old Giovante Roberson were killed,-0.7552694082260132,2024-01-26,https://www.cbsnews.com/newyork/news/bronx-deadly-reckless-driving-crash-enrique-lopez-arrested-sabrina-villagomez-giovante-roberson/
Driver wanted after woman killed in hit and run in Queens,A woman was fatally struck by a hit and run driver while crossing the street this morning in Queens Gaby Acevedo reporting\xa0\n,-0.689767062664032,2024-02-01,https://www.nbcnewyork.com/news/driver-wanted-after-woman-killed-in-hit-and-run-in-queens/5098109/
VIDEO Migrants pummel NYPD cops outside Times Square shelter,Four men were charged for assaulting the officers after the melee outside a migrant shelter,-0.6697500944137573,2024-01-31,https://www.nydailynews.com/2024/01/30/police-attacked-migrant-shelter-times-square/
Vehicle overturns slams into electric pole in Queens police say,Police say a driver speeding down the block hit two parked cars then flipped over slamming into an electric pole,-0.564061164855957,2024-01-27,https://www.cbsnews.com/newyork/news/hollis-queens-car-flips-hits-pole/
New law starting Sept 1 redefines rape in New York state,The governor said the states current law classifies it in narrow terms and that certain forms of sexual violence are classified as assault,-0.2495983396502197,2024-01-30,https://www.cbsnews.com/newyork/news/new-law-starting-sept-1-redefines-rape-law-in-new-york-state/
Photos Crowd turns chaotic during Union Square giveaway,Thousands of people flooded Union Square on Friday for a PlayStation giveaway promoted by livestreamer Kai Cenat,-0.2175587641249308,2023-08-04,https://www.cbsnews.com/newyork/pictures/kai-cenat-giveaway-union-square-crowd/
Migrants take bus to California after arrest for beating NYPD cops outside Times Square shelter sources,Four of the men freed after allegedly pummeling NYPD cops outside a Times Square shelter,-0.24438314381308146,2024-02-01,https://www.nydailynews.com/2024/02/01/migrant-alleged-beat-nypd-cops-times-square-shelter-bus-california/
Officers testify in Jam Master Jay murder trial,The two police officers who responded to the murder of Hip Hop legend Jam Master Jay testified in court Erica Byfield reporting\xa0\n,-0.1327879844166091,2024-01-30,https://www.nbcnewyork.com/news/officers-testify-in-jam-master-jay-murder-trial/5090296/
Caught on video Long Island man jumps on hood of suspects car during robbery,The suspect contacted the owner and agreed to pay $8000 for a Rolex watch and then drove to his home allegedly with the cash But it was all a scam,-0.63639897108078,2024-01-29,https://www.cbsnews.com/newyork/news/caught-on-video-long-island-man-jumps-on-hood-of-suspects-car-during-robbery/
Pedestrian killed scooter driver critically injured in separate Brooklyn crashes,In the latest incident a driver slammed into a 68-year-old man crossing Glenwood Rd at,-0.7130522131919861,2024-01-31,https://www.nydailynews.com/2024/01/31/pedestrian-killed-scooter-driver-critically-injured-in-separate-brooklyn-crashes/
Two straphangers robbed in separate Brooklyn and Manhattan subway incidents,Two straphangers were robbed in separate incidents in a Brooklyn subway station and a Manhattan,-0.5246586799621582,2024-01-27,https://www.nydailynews.com/2024/01/27/two-straphangers-robbed-in-separate-brooklyn-and-manhattan-subway-incidents/
NYC Council will override mayors veto of How Many Stops Act,The measure which was passed in December would require the NYPD to document every stop they make,-0.23452289999587705,2024-01-26,https://www.cbsnews.com/newyork/news/how-many-stops-act-veto-override-new-york-city-council/
Brooklyn woman stabbed to death remembered as ‘sweetheart of a person’,The Brooklyn woman fatally stabbed in an attack that also left her son in critical,-0.7559484243392944,2024-01-22,https://www.nydailynews.com/2024/01/22/donna-hyman-stabbed-remembered-sweetheart-starertt-city-brooklyn/
Alec Baldwin pleads not guilty to refiled manslaughter charge,Alec Baldwin pleaded not guilty to a refiled manslaughter charge stemming from the fatal shooting of Halyna Hutchins on the set of his film Rust,-0.24960247647118194,2024-01-31,https://www.cbsnews.com/newyork/news/alec-baldwin-pleads-not-guilty-refiled-manslaughter-charge-rust-shooting/
Run-DMC legend Jam Master Jay’s murder motivated by greed revenge Feds,A man and woman who watched Jam Master Jays final moments are expected to describe,-0.6414036154747009,2024-01-29,https://www.nydailynews.com/2024/01/29/jam-master-jays-murder-motivated-by-greed-and-revenge-prosecutor-tells-jury/
Brooklyn woman with freezer full of body parts charged victim ID’d as sex offender police,Heather Stines 44 was charged with concealment of a human corpse on Thursday Investigators identified,-0.5583760142326355,2024-01-26,https://www.nydailynews.com/2024/01/26/brooklyn-woman-with-freezer-full-of-body-parts-charged-victim-idd-as-sex-offender-police/
Brother of man found dismembered in Brooklyn refrigerator says he was no drug dealer,Police last week found 40-year-old Kawsheen Gelzers dismembered decapitated corpse inside a taped-up fridge in,-0.24657121343255994,2024-01-28,https://www.nydailynews.com/2024/01/28/brother-of-man-found-dismembered-in-brooklyn-refrigerator-says-he-was-no-drug-dealer/
Man accused of stalking Taylor Swift arrested for third time in a week,According to court documents he has been spotted near Swifts townhouse dozens of times in the past two months,-0.2462671752796517,2024-01-24,https://www.cbsnews.com/newyork/news/taylor-swift-alleged-stalker-arrested-again/
LI doc George Blatti sentenced to 5-15 years in prison for prescribing deadly opioid doses,George Blatti 78 was sentenced after pleading guilty to five counts of second-degree manslaughter for,-0.6753687858581543,2024-01-23,https://www.nydailynews.com/2024/01/23/long-island-overdose-doctor-george-blatti-prison-sentence/
Eyewitness to Jam Master Jays killing testifies,Tony Rincon who was also shot that night described what happened in the legendary Run-DMC DJs studio in Queens,-0.2119483816786527,2024-01-31,https://www.cbsnews.com/newyork/news/eyewitness-to-jam-master-jays-murder-expected-to-testify/
8-year-old boy struck and killed by school bus in Rockland County,It happened on Monday night on Clinton Avenue in the village of New Square,-0.6261874437332153,2024-01-30,https://www.cbsnews.com/newyork/news/8-year-old-boy-struck-and-killed-by-school-bus-in-rockland-county/
Man accused of pepper spraying 70-year-old at NYC church,Police say a 70-year-old church volunteer tried to stop a man who was disrupting service,-0.6252993941307068,2024-01-24,https://www.cbsnews.com/newyork/news/new-york-city-church-volunteer-pepper-sprayed/
MTAs new pilot program to fight fare evasion focuses on emergency exit gates,Romny Smith reporting on a new MTA pilot program\xa0\n,0.06150898117391179,2024-01-30,https://www.nbcnewyork.com/news/mtas-new-pilot-program-to-fight-fare-evasion-focuses-on-emergency-exit-doors/5088239/
Fatal shooting by Brooklyn smoke shop may be strange mistaken identity friend misunderstanding cops,A man recently killed outside a Brooklyn smoke shop was the friend of the shooter,-0.7083585858345032,2024-01-25,https://www.nydailynews.com/2024/01/23/brooklyn-fatal-shooting-smoke-shop-desmond-francis-mistaken-identity/
Harlem child sex assault suspect ordered held at Rikers on $25K cash bail,A Harlem man accused of sexually assaulting a 10-year-old girl he met on an app,-0.5938972234725952,2024-01-25,https://www.nydailynews.com/2024/01/25/harlem-child-sex-assault-suspect-ordered-held-at-rikers-on-25k-cash-bail/
Driver arrested for Upper West Side crash that killed elderly pedestrian,A driver has been arrested for slamming into an 89-year-old man crossing an Upper West,-0.5983115434646606,2024-02-01,https://www.nydailynews.com/2024/02/01/driver-arrested-for-upper-west-side-crash-that-killed-elderly-pedestrian/
2 students stabbed at Queens high school gun recovered at scene Police,Two students were stabbed during the middle of the day at a Queens high school according to police and a gun was recovered at the scene\n,-0.2193747037641991,2024-02-01,https://www.nbcnewyork.com/news/local/2-students-stabbed-at-queens-high-school-gun-recovered-at-scene-police/5096967/
Jury hears about tense moments between Michelle Troconis and Fotis Dulos,Sgt John Beauton said he watched Troconis closely in the minutes leading up to the couples arrest,-0.05793499988925532,2024-01-30,https://www.cbsnews.com/newyork/news/conn-state-police-sergeant-testifies-about-tense-moments-between-michelle-troconis-and-fotis-dulos/
7 suspected brothels in Queens shut down police say,The mayor says the so-called massage parlors were deplorable,-0.8778377771377563,2024-01-25,https://www.cbsnews.com/newyork/news/roosevelt-avenue-massage-parlors-shut-down-brothels/
Repeat offender arrested twice in one week on NYC subway Police,A 38-year-old man was arrested twice within a span of four days for separate incidents on the New York City subway said police\n,-0.5285112261772156,2024-01-26,https://www.nbcnewyork.com/news/local/repeat-offender-arrested-twice-in-one-week-on-nyc-subway-police/5078952/
NYPD makes arrest in crash that killed 14-year-old boy in Brooklyn,Christian Antoine was headed home when police say a Mercedes Benz hit him on Glenwood Road and East 81st during a chain-reaction crash,-0.5067558884620667,2024-01-28,https://www.cbsnews.com/newyork/news/nypd-makes-arrest-in-saturday-night-in-crash-killed-14-year-old-boy-in-brooklyn/
Man pepper-sprays elderly congregant at Manhattan church police,A man disturbed a service at a lower Manhattan church by walking up and spitting,-0.683224618434906,2024-01-24,https://www.nydailynews.com/2024/01/24/man-pepper-sprays-elderly-congregant-at-manhattan-church-police/
Dozen Queens massage parlors eyed as brothels get shut down after NYPD stings,The NYPD closed a dozen Queens massage parlors that have been accused of being brothels,-0.6884439587593079,2024-01-26,https://www.nydailynews.com/2024/01/26/cops-shut-down-dozen-queens-massage-parlors-accused-of-being-brothels/
Two students stabbed in Queens high school stairwell gun recovered from victim,A 17-year-old\xa0student was stabbed in the shoulder while the other also 17 was wounded in,-0.5442166328430176,2024-02-01,https://www.nydailynews.com/2024/02/01/two-students-stabbed-outside-queens-high-school-one-critically-hurt/
Woman who was in studio when Jam Master Jay was murdered testifies,Yarrah Concepcion was brought to tears as she testified Thursday in the trial of two men charged in the 2002 killing\u200b,-0.23807930385651943,2024-02-02,https://www.cbsnews.com/newyork/news/jam-master-jay-murder-trial-yarrah-concepcion/
Dismembered body found inside fridge in Brooklyn apartment,A woman wanted on several larceny warrants was taken into custody,-0.22919503966951638,2024-01-24,https://www.cbsnews.com/newyork/news/dismembered-body-brooklyn-fridge/
2 from NYC die in violent Long Island wreck,Two people from Queens are dead in a violent Long Island wreck that left their vehicle flattened on its side against a tree authorities say The victims 19-year-old Jevon Lyken of South Richmond and 18-year-old Debarpita Dey of Corona were both pronounced dead at the scene of the 540 am Sunday crash on the Southern State Parkway in Babylon State\n,-0.702298104763031,2024-01-29,https://www.nbcnewyork.com/news/local/long-island-southern-state-parkway-crash-two-dead-babylon/5084406/
Unlicensed driver arrested after crash kills 14-year-old walking block from NYC home NYPD,Police said a 45-year-old man was arrested following a crash that left a 14-year-old boy dead and two drivers in the hospital \n,-0.7510548830032349,2024-01-28,https://www.nbcnewyork.com/news/local/unlicensed-driver-arrested-after-crash-kills-14-year-old-walking-block-from-nyc-home-nypd/5082467/
Two students stabbed at Queens high school,Video showed a brawl break out in the hallways at the school in Queens Village as students were between periods NBC New Yorks Pei-Sze Cheng reports\n,-0.5786539912223816,2024-02-01,https://www.nbcnewyork.com/news/two-students-stabbed-at-queens-high-school/5097049/
2 women injured in Queens shooting,Authorities believe it may have been a drive-by,-0.4963545799255371,2024-01-27,https://www.cbsnews.com/newyork/news/jamaica-queens-shooting-women-injured/
Motorist strikes boys 5 and 8 and woman in Manhattan hit-and-run near Times Square,The hit-and-run driver of a black Toyota sedan struck the boys ages 5 and 8,-0.2488623051767398,2024-01-20,https://www.nydailynews.com/2024/01/20/motorist-strikes-boys-5-and-8-and-woman-in-midtown-manhattan-hit-and-run/
Convicted killer charged in Brooklyn broad-daylight shooting attack and rival rundown,Luis Rosario 30 didnt let a manslaughter conviction and prison stint keep him from a,-0.6886345744132996,2024-01-24,https://www.nydailynews.com/2024/01/24/convicted-killer-charged-in-brooklyn-broad-daylight-shooting-attack-and-rival-rundown/
NYC man fatally stabbed uncle in ongoing argument about bathroom DA,A Harlem man who stabbed his uncle to death in their shared apartment killed him,-0.7782655358314514,2024-01-21,https://www.nydailynews.com/2024/01/21/nyc-man-fatally-stabbed-uncle-in-ongoing-argument-about-bathroom-d-a/
Brooklyn couple’s apparent murder-suicide baffles friends neighbors,Jason Jackson and his girlfriend Olga Kirshenbaum both 34 were found dead in their Park,-0.5266291499137878,2024-01-28,https://www.nydailynews.com/2024/01/28/brooklyn-couples-apparent-murder-suicide-baffles-friends-neighbors/
Man 21 shot to death in basement of Brooklyn apartment building,The victim was shot in the torso in a basement on President St near Utica,-0.5324906706809998,2024-01-30,https://www.nydailynews.com/2024/01/30/man-21-shot-to-death-in-basement-of-brooklyn-apartment-building/
Singer at Run-DMC’s Jam Master Jay murder trial weeps describing his death,Aspiring singer Yarrah Concepcion broke down Thursday as she described the gruesome 2002 fatal shooting,-0.7693347930908203,2024-02-01,https://www.nydailynews.com/2024/02/01/singer-at-run-dmcs-jam-master-jay-murder-trial-weeps-describing-his-death/
NYC delivery worker faces down machete as three men get away with dinner NYPD,A trio of machete-wielding robbery suspects is wanted in the Bronx for a terrifying dinner theft earlier this month according to police The NYPD released images over the weekend of a Jan 7 incident where police said three people robbed a delivery worker on 166th Street and Ogden Avenue in the Highbridge neighborhood Just after 10 pm the trio reportedly\n,-0.59609055519104,2024-01-28,https://www.nbcnewyork.com/news/local/nyc-delivery-worker-faces-down-machete-as-three-men-get-away-with-dinner-nypd/5082166/
Friends of Staten Island man accused of mom’s murder left in disbelief,Friends of a Staten Island man recently accused of murdering his mother Rosalie Sutera 82,-0.7408873438835144,2024-01-29,https://www.nydailynews.com/2024/01/29/friends-staten-island-man-carl-sutera-cant-believe-killed-mom-rosalie-sutera/
2 teenagers injured in stabbing at Queens high school 3 in custody,Students say the school went into lockdown for about an hour before they were dismissed,-0.5555903911590576,2024-02-02,https://www.cbsnews.com/newyork/news/student-in-custody-after-stabbing-at-martin-van-buren-high-school-in-queens/
2 men exonerated for 1987 murder in Times Square,News 4 New Yorks Sarah Wallace with the details\xa0\n,0.07687773285418587,2024-01-31,https://www.nbcnewyork.com/news/2-men-exonerated-for-1987-murder-in-times-square/5094264/
Minivan driver charged with manslaughter for DWI crash into Brooklyn pedestrian,Gary Turner 47 was heading west on Glenwood Road when he slammed into Luis Garcia,-0.5788208246231079,2024-02-01,https://www.nydailynews.com/2024/02/01/driver-arrested-striking-killing-pedestrian-brooklyn/
Funeral homes in Tri-State Area accused of misleading customers,The FTC says it conducted its first undercover phone sweep of more than 250 funeral homes nationwide,-0.6558806896209717,2024-01-26,https://www.cbsnews.com/newyork/news/funeral-homes-misleading-pricing-new-york-new-jersey-connecticut/
Staten Island sees 11% drop in car thefts thanks to new NYPD approach,Last year alone car thefts increased by 15% across New York City but on Staten Island they dropped by 11%,0.24110703188181049,2024-02-02,https://www.cbsnews.com/newyork/news/staten-island-car-theft-decrease/
Migrants in NYPD Times Square attack board buses to California after release on bail Sources,Another suspect was arrested in connection with an attack on two NYPD officers in Times Square over the weekend bringing the total to seven — and sources say that some suspects have since used aliases to board buses for the West Coast after being released on bail Yohenry Brito was arraigned Thursday on second-degree assault and obstruction charges for his\n,-0.24803033013662557,2024-02-01,https://www.nbcnewyork.com/news/local/nypd-officers-attack-times-square-kathy-hochul-comment/5096624/
L train service resumes after childs trip-and-fall,Riders on the L line are finding their regular Tuesday morning commutes disrupted There was no service between Brooklyn and Manhattan for a time after a 12-year-old boy tripped and fell into the northbound tracks at Metropolitan Avenue police said It happened as the train was entering the station and he rolled underneath the platform overhang avoiding contact with the\n,-0.6704960465431213,2024-01-30,https://www.nbcnewyork.com/news/local/l-train-service-suspended-between-manhattan-brooklyn/5088045/
Mayor Adams elected officials media join NYPD for ride-along,The mayor wants to convince City Council leaders not to overturn his veto on the How Many Stops Act,0.10507051121516042,2024-01-27,https://www.cbsnews.com/newyork/news/nypd-ride-along-how-many-stops-act-mayor-eric-adams-new-york-city-council/
Man stabbed in head with screwdriver in Times Square over cigarette,The 31-year-old victim was outside a parking garage when a stranger walked up and asked,-0.2499981413121155,2024-01-24,https://www.nydailynews.com/2024/01/24/man-stabbed-in-head-with-screwdriver-in-times-square-over-cigarette/
Man 36 fatally shot in Brooklyn smoke shop,The victim was shot in the abdomen near Ralph and Sutter Aves in Brownsville around,-0.24998806597373857,2024-01-22,https://www.nydailynews.com/2024/01/22/man-36-shot-to-death-on-brooklyn-street/
MS-13 gang member who butchered teen in Queens park gets 35 years,MS-13 member Josue Leiva who butchered 16-year-old Julio Vasquez with a machete to get a,-0.7994929552078247,2024-01-23,https://www.nydailynews.com/2024/01/23/ms-13-gang-member-who-butchered-teen-in-queens-park-gets-35-years/
Driver indicted in Manhattan rampage that hurt ‘Black Panther actress 8 others,A 44-year-old New Jersey man has been indicted in connection with a vehicular rampage in Manhattan that injured nine pedestrians including s Day Mohamed Alaouie is charged with assault aggravated vehicular assault reckless endangerment and criminal possession of a controlled substance in the frenzy that tore through midtown,-0.7472949624061584,2024-01-30,https://www.nbcnewyork.com/news/local/manhattan-car-crash-outdoor-dining-actress-struck-arrest/5088312/
Neighbors describe Brooklyn apartment where dismembered body was found as troubled,One neighbor heard Heather Stines exclaiming Oh my God Im going to jail as cops,-0.7717815041542053,2024-01-24,https://www.nydailynews.com/2024/01/24/neighbors-describe-brooklyn-apartment-where-dismembered-body-was-found-as-troubled/
JetBlue Unruly customer restrained by other passengers on flight from London to NYC,An unruly JetBlue Airways passenger on Tuesday was restrained by multiple fliers and turned over to law enforcement upon landing in New York City from London the airline said\n,-0.6571506857872009,2024-02-01,https://www.nbcnewyork.com/news/national-international/jetblue-unruly-customer-restrained-by-other-passengers-on-flight-from-london-to-nyc/5097296/
Bronx day care owner appears in court for hearing on murder charge,Grei Mendez was arrested in October on murder and drug charges for the death of 1-year-old Nicholas Dominici,-0.5846903324127197,2024-01-30,https://www.cbsnews.com/newyork/news/bronx-day-care-owner-criminal-court-murder-charge-hearing/
Search for 7 more suspects after officers were attacked,Two officers were hurt when chaos erupted outside a migrant shelter in Times Square over the weekend\n,-0.7022074460983276,2024-01-31,https://www.nbcnewyork.com/news/search-for-7-more-suspects-after-officers-were-attacked/5091413/
Knife bloody sweatshirt found in backpack of accused Queens serial stabber Jermain Rigueur,In the backpack of accused Queens serial stabber Jermain Rigueur cops found a bloody hooded,-0.5021700859069824,2024-01-19,https://www.nydailynews.com/2024/01/19/knife-bloody-sweatshirt-found-in-backpack-of-accused-queens-serial-stabber-jermain-rigueur/
Homeless man admits to deadly machete attack in Long Island laundromat after argument,A homeless man admitted to killing another man inside a Long Island laundromat after an argument led to a machete attack according to the district attorney\n,-0.8107119798660278,2024-01-31,https://www.nbcnewyork.com/news/local/crime-and-courts/homeless-man-admits-to-deadly-machete-attack-in-long-island-laundromat-after-argument/5093444/
‘Greed and revenge Prosecutors lay out opening arguments in murder of Run DMC”s Jam Master Jay,The trial for the men accused of killing Run DMCs Erica Byfield reports\n,-0.24004464876583143,2024-01-29,https://www.nbcnewyork.com/news/greed-and-revenge-prosecutors-lay-out-opening-arguments-in-murder-of-run-dmcs-jam-master-jay/5086040/
Suspect nabbed in 2015 gang-tied shooting execution of Bronx mom of 5 relieving partner kin,Lasalle Herman 34 was arrested Tuesday for the March 4 2015 shooting death of Michelle,-0.5291237831115723,2024-02-01,https://www.nydailynews.com/2024/01/31/suspect-nabbed-in-2015-shooting-execution-of-bronx-mom-of-five/
What does the ‘How Many Stops Act do and why is it controversial?,The New York City Council could override a veto from Mayor Eric Adams on what has been called the s a breakdown\n,-0.14294492152435723,2024-01-29,https://www.nbcnewyork.com/news/politics/nyc-council-may-override-adams-veto-on-how-many-stops-act-what-it-all-means/5086687/
14-year-old killed by unlicensed driver in Brooklyn police say,Police say 14-year-old Christian Antoine was struck and killed Saturday evening in Canarsie,-0.70448237657547,2024-01-28,https://www.cbsnews.com/newyork/news/14-year-old-boy-struck-and-killed-by-unlicensed-driver-in-chain-reaction-crash-in-brooklyn-police-say/
Man who tried to enter Taylor Swift’s NYC townhouse returns two days later,A man caught trying to enter Taylor Swift’s Tribeca townhouse over the weekend returned to,-0.1081743500450294,2024-01-22,https://www.nydailynews.com/2024/01/22/man-again-tries-enter-taylor-swift-tribeca-townhouse/
Eyewitness to killing of Run-DMCs Jam Master Jay testifies ‘Then I see Jay just fall,Uriel Rincon told jurors in the trial that Jam Master Jay born Jason Mizell was in his studios godson Rincon said\n,-0.11030218151796234,2024-01-31,https://www.nbcnewyork.com/news/local/crime-and-courts/eyewitness-to-killing-of-run-dmcs-jam-master-jay-testifies-then-i-see-jay-just-fall/5093738/
SUV driver flees scene after striking woman in Queens killing her,Police are looking for an SUV driver who hit a 61-year-old woman walking on a Queens street Thursday and fled the scene authorities say The woman who has not been identified was pronounced dead at a hospital shortly after the 645 am accident on 37th Avenue in Jackson Heights She had been walking north on 90th Street when she was\n,-0.6354263424873352,2024-02-01,https://www.nbcnewyork.com/news/local/jackson-heights-crash-queens-nypd/5095777/
Skeleton found in Queens basement is human medical examiner,A construction crew was cleaning out the basement of the home on Jamaica Ave near,-0.06846686526423795,2024-01-30,https://www.nydailynews.com/2024/01/30/skeleton-found-in-queens-basement-is-human-medical-examiner/
Human skeletal remains found in basement of Queens building Police,The skeletal remains of a person were found in the basement of a Queens building police said\n,-0.12322091684086445,2024-01-29,https://www.nbcnewyork.com/news/local/human-skeletal-remains-found-in-basement-of-queens-building-police/5086492/
Lawmaker hit by driver in Queens calling for safer streets,The driver whose view had been obstructed by a car parked near the 35th Avenue crosswalk stopped to help,-0.14901559507699957,2024-01-26,https://www.cbsnews.com/newyork/news/lawmaker-struck-in-crosswalk-queens/
AI company hired to clone Mayor Adams voice linked to Biden deepfake researchers say,In October Mayor Adams announced he’d hired ElevenLabs an artificial intelligence start-up to create a series of robocalls which made it seem like he could speak several foreign languages Three months later ElevenLabs is in the news again — this time for an alleged connection to a political dirty trick\n,-0.22357047194057245,2024-02-01,https://www.nbcnewyork.com/investigations/ai-company-hired-to-clone-mayor-adams-voice-linked-to-biden-deepfake-researchers-say/5093499/
Migrant accused of fighting NYPD cops held on bail unlike five other suspects,Yohenry Brito 24 was the man the officers were seen attempting to place under arrest,-0.23045215670398633,2024-02-01,https://www.nydailynews.com/2024/02/01/two-more-suspects-nabbed-in-beatdown-of-nypd-cops-outside-migrant-shelter/
Woman killed man critical after Brooklyn apartment stabbing dead dog found near scene,A Brooklyn woman was fatally stabbed and a man was wounded — and a dead,-0.7701519131660461,2024-01-20,https://www.nydailynews.com/2024/01/20/woman-killed-man-critical-after-brooklyn-apartment-stabbing/
NY City Council overrides Mayor Adams veto of ‘How Many Stops Act,In a vote that passed 42-9 New York City Council voted to override Mayor Eric Adamss Melissa Russo reports\n,-0.19146785242206477,2024-01-30,https://www.nbcnewyork.com/news/ny-city-council-overrides-mayor-adams-veto-of-how-many-stops-act/5089659/
Police raid alleged Queens brothels disguised as massage parlors or other illegal businesses,The NYPD conducted raids on multiple alleged brothels in Queens posing as massage parlors or other businesses with at least half a dozen storefronts in just one neighborhood alone involved in the prostitution sting\n,-0.5037082433700562,2024-01-26,https://www.nbcnewyork.com/news/local/police-raid-alleged-queens-brothels-disguised-as-massage-parlors-or-other-illegal-businesses/5078197/
Victim recounts terrifying Long Island home invasion,The culprits are a trio disguised as utility workers,-0.8273602724075317,2024-01-30,https://www.cbsnews.com/newyork/news/victim-recounts-terrifying-long-island-home-invasion-its-a-miracle-that-im-alive/
NYPD Academy recruit in Brooklyn prostitution arrest,Diangelo Pena 26 was issued a desk appearance ticket and released after his arrest in,-0.0930669304026388,2024-01-25,https://www.nydailynews.com/2024/01/25/nypd-recruit-in-brooklyn-prostitution-arrest/
Man accused of raping 10-year-old girl in Manhattan arrested,Drequan Drayton-Howard faces multiple charges including rape and endangering the welfare of a child,-0.7095175385475159,2024-01-24,https://www.cbsnews.com/newyork/news/manhattan-child-rape-arrest/
Jam Master Jay murder trial to start Monday in Brooklyn with jury selection,More than two decades after assassins burst into Jam Master Jays Queens music studio and,-0.2492424100429247,2024-01-21,https://www.nydailynews.com/2024/01/21/jam-master-jay-murder-trial-to-start-monday-in-brooklyn-with-jury-selection/
Ex-wiseguy ‘Goldie’ Leisenheimer who helped convict crime boss Joseph Massino gets time served handshake from judge,Duane Leisenheimer 67 whose testimony helped push Bonanno boss Joseph Massino into becoming one of,0.1208697009467663,2024-01-30,https://www.nydailynews.com/2024/01/30/ex-wiseguy-goldie-leisenheimer-helped-convict-joe-massino-handshake-federal-judge/
Bronx man brutalized woman in empty Mott Haven office before corpse found in East Tremont home NYPD,Ex-con Deshawn Owens snuck his girlfriend into an empty Mott Haven office tied her to,-0.5407900810241699,2024-01-27,https://www.nydailynews.com/2024/01/27/bronx-man-brutalized-woman-in-empty-mott-haven-office-before-corpse-found-in-east-tremont-home-nypd/
Mayor Adams makes last pitch for veto of How Many Stops Act,Critics say the bill would slow down police work but supporters believe it will bring more transparency to the NYPD\u200b,0.16662929321378428,2024-01-30,https://www.cbsnews.com/newyork/news/watch-nyc-mayor-eric-adams-makes-last-pitch-to-maintain-veto-of-how-many-stops-act/
Two men 28 and 37 killed in Brooklyn in separate Crown Heights Brownsville shootings,Two men died in two Brooklyn shootings said cops A slaying in Crown Heights was,-0.6821001172065735,2024-01-25,https://www.nydailynews.com/2024/01/25/two-men-killed-in-brooklyn-in-separate-in-crown-heights-brownsville-shootings/
At least 2 teenagers facing charges in Queens high school stabbing,At least two teenagers are facing charges in connection to a stabbing at a Queens high school CBS New Yorks Ali Bauman has more on the rise of weapons in classrooms Read more https//cbslocal/3HH0zKf,-0.24408615082914764,2024-02-02,https://www.cbsnews.com/newyork/video/at-least-2-teenagers-facing-charges-in-queens-high-school-stabbing/
Trio of phony utility workers wanted for Long Island home invasion,Police are looking for a trio of armed men who dressed as utility workers in order to carry out a terrifying home invasion on Long island NBC New Yorks Pei-Sze Cheng reports\n,-0.7240803241729736,2024-01-30,https://www.nbcnewyork.com/news/trio-of-phony-utility-workers-wanted-for-long-island-home-invasion/5090298/
Man’s dismembered body found in Brooklyn apartment refrigerator,Cops made the horrifying discovery in Flatbush after being called to do a wellness check,-0.5592451095581055,2024-01-24,https://www.nydailynews.com/2024/01/23/mans-dismembered-body-found-in-brooklyn-apartment/
Brooklyn woman sets 73-year-old neighbor on fire over unpaid debt,Denise Wylie 62 went to collect the debt from her downstairs neighbor in their apartment,-0.5293067097663879,2024-01-30,https://www.nydailynews.com/2024/01/30/brooklyn-woman-sets-73-year-old-neighbor-on-fire-over-unpaid-debt/
Juror in Michelle Troconis trial replaced with alternate after notifying court of emergency,A juror in the Michelle Troconis trial needed to leave the country today to attend to an emergency and the court has chosen a member of the alternate jury pool to replace the juror the judge announced as the trial was beginning on Monday morning Two jurors had already been dismissed earlier in the trial The judge had dismissed an\n,-0.14976132951951726,2024-01-29,https://www.nbcnewyork.com/news/national-international/lead-investigator-into-disappearance-of-jennifer-dulos-expected-to-take-stand-on-monday/5084438/
Jam Master Jay’s accused killer won’t have rap lyrics used against him judge,Judge LaShann DeArcy Hall said her courtroom would not be a place where defendants would,-0.22848405160203455,2024-01-30,https://www.nydailynews.com/2024/01/30/jam-master-jays-accused-killer-wont-have-rap-lyrics-used-against-him-judge/
Bystander shot on Queens street after gunman misses intended target NYPD,The victim 61 was outside the Market Fresh Supermarket on Sutphin Blvd near 109th Ave,-0.16381313097866723,2024-01-26,https://www.nydailynews.com/2024/01/26/bystander-shot-on-queens-street-after-gunman-misses-intended-target-nypd/
Trump gears up to take the stand as E Jean Carroll’s NYC defamation case continues,Trump who is expected to return to Manhattan Federal Court on Monday as Carroll’s case,0.0794394782862895,2024-01-22,https://www.nydailynews.com/2024/01/22/recap-e-jean-carrol-trump-sexual-assault-defamation-sdny/
Subway system assaults at highest level in over 25 years NYPD says,These reported assaults have been increasing for nearly a decade now,-0.7716495394706726,2024-01-30,https://www.cbsnews.com/newyork/news/new-york-city-subway-system-assaults/
Protest held after death of detainee on Rikers Island,Manuel Luna died last week after he was found unresponsive in his cell Hes the second detainee to die this year,-0.8104997873306274,2024-01-26,https://www.cbsnews.com/newyork/news/manuel-luna-rikers-island-death-rally-protest/
Woman fatally shot inside home in Ramapo New York suspect dead,Ramapo Police officers were sent to a home in the Hillcrest section Wednesday morning for a report of gunshots,-0.24674803885636365,2024-01-31,https://www.cbsnews.com/newyork/news/1-person-hospitalized-after-shooting-in-ramapo-new-york/
Hochul on Times Square attack on NYPD cops ‘Get them all and send them back,Hochul on Times Square attack on NYPD cops \n,-0.5659841895103455,2024-02-01,https://www.nbcnewyork.com/news/local/hochul-on-times-square-attack-on-nypd-cops-get-them-all-and-send-them-back/5096756/
Bronx woman charged with manslaughter newborn twin found stuffed in bag,Lasasha Gouldbourne 31 is also facing charges of criminally negligent homicide assault and acting in,-0.7754982709884644,2024-01-31,https://www.nydailynews.com/2024/01/31/bronx-woman-charged-with-manslaughter-after-newborn-found-stuffed-in-bag/
Daredevil driver charged with killing 2 passengers in Bronx donut stunt,The 23-year-old driver whose two passengers were killed when he crashed doing donuts at a,-0.7863743305206299,2024-01-26,https://www.nydailynews.com/2024/01/26/daredevil-driver-charged-with-killing-2-passengers-in-bronx-donut-stunt/
Councilmember Yusef Salaam says NYPD stopped him in Harlem refused to give reason why,Councilmember Yusef Salaam a member of the exonerated “Central Park Five\n,-0.226372317350922,2024-01-27,https://www.nbcnewyork.com/news/local/councilmember-yusef-salaam-says-nypd-stopped-him-in-harlem-refused-to-give-reason-why/5080587/
NYPD stop of Yusef Salaam sparks debate as pols ready to buck Mayor Adams on How Many Stops Act,After his account of being pulled over by cops prompted the NYPD to release video,-0.12071501125083373,2024-01-28,https://www.nydailynews.com/2024/01/28/after-nypd-cops-pull-over-yusef-salaam-allies-focus-on-reason-for-stop/
Taylor Swifts stalker saga highlights vulnerabilities in system,Data shows about 12% of domestic violence murder victims have an active restraining order at the time of the crime,-0.7608887553215027,2024-01-25,https://www.cbsnews.com/newyork/news/taylor-swift-stalker-domestic-violence-restraining-orders/
Driver indicted in Midtown rampage that left 9 injured,Mohammed Alaouie is accused of injuring nine people by recklessly driving through crowded sidewalks\u200b and streets,-0.8201650381088257,2024-01-30,https://www.cbsnews.com/newyork/news/mohammed-alaouie-indicted-reckless-driving-midtown/
Brother arrested for arsenal of weapons in NYC home,Two brothers have been indicted on 130 counts of criminal possession of a weapon and related charges after an arsenal of improvised explosive devices and ghost guns including assault rifles was found inside an Astoria apartment NBC New Yorks Marc Santia reports\n,-0.5640013217926025,2024-01-29,https://www.nbcnewyork.com/on-air/as-seen-on/brother-arrested-for-arsenal-of-weapons-in-nyc-home/5085889/
Man dies at Prospect Park Brooklyn subway stop in fall between train cars,The unidentified man was trying to board an out-of-service Q train at the Prospect Park,-0.6489731669425964,2024-01-24,https://www.nydailynews.com/2024/01/24/man-dies-at-brooklyn-subway-stop-in-fall-between-subway-cars/
Brooklyn woman killed by pick-up driver mourned as selfless mother wife,Bruce Zurrow was charged with failure to yield to a pedestrian and failure to exercise,-0.7105846405029297,2024-01-29,https://www.nydailynews.com/2024/01/29/brooklyn-driver-72-charged-in-crash-that-killed-woman-crossing-street/
Elderly mafia boss 86 gets short sentence in union shakedown due to age,Benjamin The Claw Castellazzo the underboss of the Colombo crime family according to the feds,-0.21163492670676476,2024-01-22,https://www.nydailynews.com/2024/01/22/elderly-mafia-boss-86-gets-short-sentence-in-union-shakedown-due-to-age/
Brooklyn pals Eric Smokes and David Warren cleared of 1987 Times Square tourist murder,Eric Smokes and David Warren were cleared in the 1987 Times Square murder of French,-0.07385238806676853,2024-01-31,https://www.nydailynews.com/2024/01/31/brooklyn-pals-eric-smokes-and-david-warren-cleared-of-1987-times-square-tourist-murder/
‘Cowards 7 arrested in Times Square attack on NYPD officers,Another two people were arrested late Wednesday in connection with an attack on two NYPD officers in Times Square over the weekend bringing the total to seven officials say Authorities say the caught-on-camera brawl erupted Saturday night as cops tried to break up a group of migrants in front of a shelter on 42nd Street steps from the New Amsterdam\n,-0.7246846556663513,2024-01-31,https://www.nbcnewyork.com/news/local/nypd-officers-attacked-times-square/5091375/
Unhinged man slashes three NYPD officers with machete in Brooklyn,The officers were responding to a 911 call about a man acting erratically in East,-0.709255039691925,2024-01-22,https://www.nydailynews.com/2024/01/22/unhinged-man-slashes-three-nypd-officers-with-machete-in-brooklyn/
3rd suspect arrested in murder of teacher on Long Island,A third person has been arrested in connection with the murder of Kimberly Midgette 44,-0.6328862905502319,2024-01-23,https://www.nydailynews.com/2024/01/23/long-island-teacher-kimberly-midgette-murder-suspect-arrested/
Manslaughter charge for NYPD sergeant in cooler toss that killed suspect,Sgt Erik Duran 36 is also facing criminally negligent homicide and assault charges for the,-0.6844316124916077,2024-01-23,https://www.nydailynews.com/2024/01/23/manslaughter-charge-for-nypd-sergeant-in-cooler-toss-that-killed-suspect/
Opening statements start Monday in murder trial of Run-DMC star Jam Master Jay,Opening statements are set for Monday in the federal murder trial of Karl Jordan Jr and Ronald Washington who were arrested in 2020 \n,-0.17870261831825474,2024-01-28,https://www.nbcnewyork.com/news/local/crime-and-courts/opening-statements-start-monday-in-murder-trial-of-run-dmc-star-jam-master-jay/5081504/
Police seek vandal who spray-painted Westchester Co stores,Both of the targeted businesses had we stand with Israel posters displayed in their front windows,-0.6572166085243225,2024-01-25,https://www.cbsnews.com/newyork/news/antisemitic-spray-paint-golden-horseshoe-shopping-center/
Gov Kathy Hochul looks to expand New Yorks hate crime laws,Hochul spoke Thursday in Manhattan about her push to increase the number of offenses that can be prosecuted,0.11709048118867926,2024-01-25,https://www.cbsnews.com/newyork/news/gov-kathy-hochul-looks-to-expand-new-yorks-hate-crime-laws/
